{
  "IcoMoonType": "selection",
  "icons": [
    {
      "icon": {
        "paths": [
          "M511.271 976.991c-254.493-0.143-460.683-208.65-460.539-465.713s206.568-465.339 461.061-465.196c254.493 0.143 460.683 208.65 460.539 465.713s-206.568 465.339-461.061 465.196z",
          "M512 23.273c265.309 0 484.073 218.764 484.073 488.727s-218.764 488.727-484.073 488.727c-265.309 0-484.073-218.764-484.073-488.727s218.764-488.727 484.073-488.727zM512 954.182c242.036 0 437.527-200.145 437.527-442.182s-195.491-442.182-437.527-442.182-437.527 200.145-437.527 442.182c0 242.036 195.491 442.182 437.527 442.182z",
          "M260.655 535.273l214.109 209.455c13.964 13.964 32.582 13.964 46.545 0s13.964-32.582 0-46.545l-158.255-153.6h372.364c18.618 0 32.582-13.964 32.582-32.582s-13.964-32.582-32.582-32.582h-367.709l153.6-153.6c13.964-13.964 13.964-32.582 0-46.545-4.655-4.655-13.964-9.309-23.273-9.309s-18.618 4.655-23.273 9.309l-214.109 209.455c-9.309 13.964-9.309 32.582 0 46.545v0z"
        ],
        "attrs": [
          {
            "fill": "rgb(0, 0, 0)"
          },
          {
            "fill": "rgb(0, 0, 0)"
          },
          {
            "fill": "rgb(255, 255, 255)"
          }
        ],
        "isMulticolor": true,
        "isMulticolor2": false,
        "grid": 0,
        "tags": [
          "icon-arrow-square-blue-left"
        ],
        "colorPermutations": {
          "12552552551": [
            {
              "f": 0
            },
            {
              "f": 0
            },
            {
              "f": 1
            }
          ]
        }
      },
      "attrs": [
        {
          "fill": "rgb(0, 0, 0)"
        },
        {
          "fill": "rgb(0, 0, 0)"
        },
        {
          "fill": "rgb(255, 255, 255)"
        }
      ],
      "properties": {
        "order": 52,
        "id": 1,
        "name": "icon-arrow-square-blue-left",
        "prevSize": 32,
        "code": 59674,
        "codes": [
          59674,
          59675,
          59676
        ]
      },
      "setIdx": 0,
      "setId": 18,
      "iconIdx": 0
    },
    {
      "icon": {
        "paths": [
          "M972.8 512c0 257.063-206.307 465.455-460.8 465.455s-460.8-208.391-460.8-465.455c0-257.063 206.307-465.455 460.8-465.455s460.8 208.391 460.8 465.455z",
          "M512 1000.727c-265.309 0-484.073-218.764-484.073-488.727s218.764-488.727 484.073-488.727 484.073 218.764 484.073 488.727c0 269.964-218.764 488.727-484.073 488.727zM512 69.818c-242.036 0-437.527 200.145-437.527 442.182s195.491 442.182 437.527 442.182c242.036 0 437.527-200.145 437.527-442.182s-195.491-442.182-437.527-442.182z",
          "M763.345 488.727l-214.109-209.455c-13.964-13.964-32.582-13.964-46.545 0s-13.964 32.582 0 46.545l158.255 153.6h-372.364c-18.618 0-32.582 13.964-32.582 32.582s13.964 32.582 32.582 32.582h367.709l-153.6 153.6c-13.964 13.964-13.964 32.582 0 46.545 4.655 4.655 13.964 9.309 23.273 9.309s18.618-4.655 23.273-9.309l214.109-209.455c9.309-13.964 9.309-32.582 0-46.545v0zM763.345 488.727z"
        ],
        "attrs": [
          {
            "fill": "rgb(0, 0, 0)"
          },
          {
            "fill": "rgb(0, 0, 0)"
          },
          {
            "fill": "rgb(255, 255, 255)"
          }
        ],
        "isMulticolor": true,
        "isMulticolor2": false,
        "grid": 0,
        "tags": [
          "icon-arrow-square-blue"
        ],
        "colorPermutations": {
          "12552552551": [
            {
              "f": 0
            },
            {
              "f": 0
            },
            {
              "f": 1
            }
          ],
          "2552552551841601": [
            {
              "f": 0
            },
            {
              "f": 0
            },
            {
              "f": 1
            }
          ]
        }
      },
      "attrs": [
        {
          "fill": "rgb(0, 0, 0)"
        },
        {
          "fill": "rgb(0, 0, 0)"
        },
        {
          "fill": "rgb(255, 255, 255)"
        }
      ],
      "properties": {
        "order": 51,
        "id": 0,
        "name": "icon-arrow-square-blue",
        "prevSize": 32,
        "code": 59671,
        "codes": [
          59671,
          59672,
          59673
        ]
      },
      "setIdx": 0,
      "setId": 18,
      "iconIdx": 1
    },
    {
      "icon": {
        "paths": [
          "M846.89 120.575h-136.723v-88.846c0-17.883-14.425-31.729-32.307-31.729-1.735 0-2.892 0.579-3.457 1.157-0.579-0.578-1.736-1.157-2.314-1.157h-325.95c-17.882 0-31.728 13.846-31.728 31.729v88.847h-137.301c-39.236 0-69.808 30.572-69.808 69.808v114.225h60.576v650.162c0 39.237 29.994 69.23 69.23 69.23h549.785c39.236 0 69.806-29.993 69.806-69.23v-650.162h59.998v-114.225c0-39.236-30.584-69.809-69.808-69.809zM377.868 63.457h268.265v57.118h-268.265v-57.118zM792.665 954.773c0 4.048-1.735 5.77-5.772 5.77h-549.785c-4.036 0-5.772-1.723-5.772-5.77v-650.165h561.328v650.165zM852.663 241.151h-681.326v-50.768c0-4.038 1.735-6.351 5.772-6.351h669.782c4.038 0 5.773 2.313 5.773 6.351v50.768z",
          "M628.249 379.032h64.035v524.973h-64.035v-524.973z",
          "M480.561 379.032h64.035v524.973h-64.035v-524.973z",
          "M332.871 379.032h64.035v524.973h-64.035v-524.973z"
        ],
        "attrs": [
          {},
          {},
          {},
          {}
        ],
        "isMulticolor": false,
        "isMulticolor2": false,
        "grid": 0,
        "tags": [
          "trash"
        ]
      },
      "attrs": [
        {},
        {},
        {},
        {}
      ],
      "properties": {
        "order": 46,
        "id": 0,
        "name": "trash",
        "prevSize": 32,
        "code": 59670
      },
      "setIdx": 1,
      "setId": 17,
      "iconIdx": 0
    },
    {
      "icon": {
        "paths": [
          "M1137.491 211.506h-175.395l-82.539-206.348h-523.607l-82.539 206.348h-25.793v-103.174h-123.809v103.174h-25.793c-54.166 0-98.015 46.428-98.015 100.594v606.146c0 54.166 43.849 100.594 100.594 100.594h1039.476c54.166 0 100.594-43.849 100.594-100.594v-606.146c-2.579-54.166-49.008-100.594-103.174-100.594v0zM165.078 149.602h41.27v61.904h-41.27v-61.904zM1196.816 918.247c0 33.531-25.793 59.325-59.325 59.325h-1039.476c-33.531 0-59.325-25.793-59.325-59.325v-606.146c0-30.952 25.793-56.746 56.746-56.746h203.768l82.539-206.348h469.441l82.539 206.348h203.768c30.952 0 56.746 25.793 56.746 56.746v606.146zM1196.816 918.247z",
          "M1137.491 1024h-1039.476c-59.325 0-105.753-46.428-105.753-105.753v-606.146c-0-59.325 46.428-105.753 105.753-105.753h18.055v-103.174h136.705v103.174h15.476l82.539-206.348h531.345l82.539 206.348h172.816c59.325 0 105.753 46.428 105.753 105.753v606.146c0 56.746-46.428 105.753-105.753 105.753zM98.015 219.244c-51.587 0-92.856 41.27-92.856 92.856v606.146c0 51.587 41.27 92.856 92.856 92.856h1039.476c51.587 0 92.856-41.27 92.856-92.856v-606.146c0-51.587-41.27-92.856-92.856-92.856h-180.554l-82.539-206.348h-513.29l-82.539 206.348h-38.69v-103.174h-110.912v103.174h-30.952zM1137.491 982.73h-1039.476c-36.111 0-64.484-28.373-64.484-64.484v-606.146c0-36.111 28.373-64.484 64.484-64.484h198.61l82.539-206.348h477.179l82.539 206.348h198.61c36.111 0 64.484 28.373 64.484 64.484v606.146c-0 36.111-28.373 64.484-64.484 64.484zM98.015 260.514c-28.373 0-51.587 23.214-51.587 51.587v606.146c0 28.373 23.214 51.587 51.587 51.587h1039.476c28.373 0 51.587-23.214 51.587-51.587v-606.146c0-28.373-23.214-51.587-51.587-51.587h-208.927l-82.539-206.348h-456.544l-82.539 206.348h-208.927zM211.506 219.244h-54.166v-74.801h54.166v74.801zM170.237 206.348h28.373v-49.008h-28.373v49.008z",
          "M624.202 301.783c-149.602 0-273.411 121.229-273.411 273.411 0 149.602 121.229 273.411 273.411 273.411s273.411-121.229 273.411-273.411c0-152.181-121.229-273.411-273.411-273.411v0zM624.202 817.652c-134.126 0-242.458-108.332-242.458-242.458s108.332-242.458 242.458-242.458 242.458 108.332 242.458 242.458c0 131.547-108.332 242.458-242.458 242.458v0zM624.202 817.652z",
          "M624.202 858.922c-157.34 0-286.307-128.967-286.307-286.307s128.967-286.307 286.307-286.307c157.34 0 286.307 128.967 286.307 286.307 0 159.919-128.967 286.307-286.307 286.307zM624.202 314.68c-144.443 0-260.514 116.071-260.514 260.514s116.071 260.514 260.514 260.514 260.514-116.071 260.514-260.514c0-144.443-116.071-260.514-260.514-260.514zM624.202 830.549c-141.864 0-255.355-113.491-255.355-255.355s113.491-255.355 255.355-255.355 255.355 113.491 255.355 255.355c0 139.285-113.491 255.355-255.355 255.355zM624.202 345.632c-126.388 0-229.562 103.174-229.562 229.562s103.174 229.562 229.562 229.562 229.562-103.174 229.562-229.562c0-126.388-103.174-229.562-229.562-229.562z",
          "M1062.69 312.101c-46.428 0-82.539 36.111-82.539 82.539s36.111 82.539 82.539 82.539c46.428 0 82.539-36.111 82.539-82.539 0-43.849-38.69-82.539-82.539-82.539v0zM1062.69 435.909c-23.214 0-41.27-18.055-41.27-41.27s18.055-41.27 41.27-41.27c23.214 0 41.27 18.055 41.27 41.27s-20.635 41.27-41.27 41.27v0zM1062.69 435.909z",
          "M1062.69 484.917c-49.008 0-90.277-38.69-90.277-90.277 0-49.008 38.69-87.698 90.277-87.698 49.008 0 87.698 38.69 87.698 87.698s-38.69 90.277-87.698 90.277zM1062.69 319.839c-41.27 0-77.38 33.531-77.38 74.801s33.531 77.38 77.38 77.38c41.27 0 74.801-33.531 74.801-77.38 0-41.27-33.531-74.801-74.801-74.801zM1062.69 443.647c-25.793 0-49.008-20.635-49.008-49.008 0-25.793 20.635-46.428 49.008-46.428 25.793 0 46.428 20.635 46.428 46.428s-20.635 49.008-46.428 49.008zM1062.69 361.108c-18.055 0-36.111 15.476-36.111 33.531s15.476 36.111 36.111 36.111c18.055 0 33.531-15.476 33.531-36.111 0-18.055-15.476-33.531-33.531-33.531z"
        ],
        "attrs": [
          {},
          {},
          {},
          {},
          {},
          {}
        ],
        "width": 1236,
        "isMulticolor": false,
        "isMulticolor2": false,
        "grid": 0,
        "tags": [
          "photo"
        ]
      },
      "attrs": [
        {},
        {},
        {},
        {},
        {},
        {}
      ],
      "properties": {
        "order": 44,
        "id": 0,
        "name": "photo",
        "prevSize": 32,
        "code": 59669
      },
      "setIdx": 2,
      "setId": 16,
      "iconIdx": 0
    },
    {
      "icon": {
        "paths": [
          "M512 0c-282.752 0-512 229.248-512 512s229.248 512 512 512 512-229.248 512-512-229.248-512-512-512zM768 576h-512v-128h512v128z"
        ],
        "attrs": [
          {}
        ],
        "isMulticolor": false,
        "isMulticolor2": false,
        "grid": 0,
        "tags": [
          "minus-circle"
        ]
      },
      "attrs": [
        {}
      ],
      "properties": {
        "order": 42,
        "id": 2,
        "name": "minus-circle",
        "prevSize": 32,
        "code": 59667
      },
      "setIdx": 3,
      "setId": 15,
      "iconIdx": 0
    },
    {
      "icon": {
        "paths": [
          "M512 0c-281.6 0-512 230.4-512 512s230.4 512 512 512 512-230.4 512-512-230.4-512-512-512zM768 563.2h-204.8v204.8h-102.4v-204.8h-204.8v-102.4h204.8v-204.8h102.4v204.8h204.8v102.4z"
        ],
        "attrs": [
          {}
        ],
        "isMulticolor": false,
        "isMulticolor2": false,
        "grid": 0,
        "tags": [
          "plus-circle"
        ]
      },
      "attrs": [
        {}
      ],
      "properties": {
        "order": 43,
        "id": 1,
        "name": "plus-circle",
        "prevSize": 32,
        "code": 59668
      },
      "setIdx": 3,
      "setId": 15,
      "iconIdx": 1
    },
    {
      "icon": {
        "paths": [
          "M946.958 127.48l-6.097-6.928c-50.438-55.981-118.058-86.742-190.112-86.742s-139.674 30.762-190.389 86.742l-48.498 53.763-48.498-53.763c-50.438-55.981-118.058-86.742-190.112-86.742s-139.674 30.762-190.112 86.742l-6.097 6.928c-49.606 54.872-77.042 127.758-77.042 205.077s27.436 150.205 77.042 205.354c0 0 0.277 0.277 0.277 0.277l409.323 441.193c6.651 6.928 15.796 11.085 25.496 11.085s18.845-4.157 25.496-11.085l409.323-441.193c0 0 0.277-0.277 0.277-0.277 49.606-54.872 77.042-127.758 77.042-205.354-0.277-77.32-27.713-150.205-77.32-205.077zM254.961 199.535c-0.277-0.277-0.554-0.277-0.831-0.554 2.217-0.277 4.434-0.831 6.651-1.109 0 0 0 0 0.277 0-2.217 0.554-4.157 1.109-6.097 1.663zM408.491 225.585c0-0.831 0-1.386 0-2.217 1.109 0.831 2.217 1.386 3.326 1.94-1.109 0.277-2.217 0.277-3.326 0.277zM532.646 677.863c0.277-0.554 0.554-1.109 0.831-1.663 0.554-0.277 1.386-0.831 1.94-1.109 0.277 0 0.554 0 0.831 0 0.277 0.277 0.277 0.277 0.554 0.554-1.386 0.554-2.771 1.386-4.157 2.217zM579.759 204.8c-0.831 0.277-1.663 0.277-2.494 0.554l1.663-1.94c0.831 0 1.386-0.277 2.217-0.277-0.554 0.554-1.109 1.109-1.386 1.663zM834.165 394.081c0.277-0.277 0.831-0.554 1.109-1.109 3.603 0.277 7.205 0.554 10.808 0.831 0 0.277 0.277 0.554 0.277 0.554-3.88-0.277-8.037-0.277-12.194-0.277zM869.361 165.724c-0.554-1.109-1.109-1.94-1.663-3.048 0.554 0 1.386 0.277 1.94 0.277-0.277 1.109-0.277 1.94-0.277 2.771 0 0 0 0 0 0z"
        ],
        "attrs": [
          {}
        ],
        "isMulticolor": false,
        "isMulticolor2": false,
        "grid": 0,
        "tags": [
          "heart-flooded"
        ]
      },
      "attrs": [
        {}
      ],
      "properties": {
        "order": 39,
        "id": 0,
        "name": "heart-flooded",
        "prevSize": 32,
        "code": 59659
      },
      "setIdx": 3,
      "setId": 15,
      "iconIdx": 2
    },
    {
      "icon": {
        "paths": [
          "M1002.521 908.832l-267.339-267.339c47.739-66.835 76.383-147.992 76.383-233.923 0-224.375-181.408-405.781-405.781-405.781s-405.783 181.408-405.783 405.781 181.408 405.781 405.781 405.781c85.93 0 167.088-28.643 233.923-76.383l267.339 267.339c23.868 23.868 66.835 23.868 95.478 0v0c28.643-28.641 28.643-66.835 0-95.476zM405.781 717.876c-171.861 0-310.303-138.445-310.303-310.303 0-171.861 138.442-310.303 310.303-310.303s310.303 138.442 310.303 310.303c0.002 171.858-138.442 310.303-310.303 310.303z"
        ],
        "attrs": [
          {}
        ],
        "isMulticolor": false,
        "isMulticolor2": false,
        "grid": 0,
        "tags": [
          "search-1"
        ]
      },
      "attrs": [
        {}
      ],
      "properties": {
        "order": 40,
        "id": 0,
        "name": "search-1",
        "prevSize": 32,
        "code": 59660
      },
      "setIdx": 4,
      "setId": 14,
      "iconIdx": 0
    },
    {
      "icon": {
        "paths": [
          "M954.714 1027.311c-22.925-96.541-78.456-184.422-155.893-247.085-81.003-65.465-183.403-101.636-288.35-101.636s-207.347 36.171-288.605 101.636c-77.692 62.917-132.967 150.543-155.893 247.085h-65.21c37.445-172.195 163.789-317.389 330.38-380.052l20.888-7.897-19.104-11.463c-100.362-61.134-160.478-168.374-160.478-287.077 0-89.918 35.152-174.488 99.343-238.679 63.936-63.936 148.76-99.343 238.679-99.343s174.488 35.152 238.679 99.343c63.936 63.936 99.343 148.76 99.343 238.679 0 118.702-59.861 225.942-160.478 287.077l-19.614 11.972 21.652 7.642c166.846 58.332 292.935 203.781 330.38 380.052h-65.719v-0.255zM510.217 68.521c-150.289 0-272.302 122.269-272.302 272.302s122.269 272.302 272.302 272.302c150.289 0 272.302-122.269 272.302-272.302s-122.014-272.302-272.302-272.302z"
        ],
        "attrs": [
          {}
        ],
        "width": 1019,
        "isMulticolor": false,
        "isMulticolor2": false,
        "grid": 0,
        "tags": [
          "user"
        ]
      },
      "attrs": [
        {}
      ],
      "properties": {
        "order": 41,
        "id": 0,
        "name": "user",
        "prevSize": 32,
        "code": 59661
      },
      "setIdx": 5,
      "setId": 13,
      "iconIdx": 0
    },
    {
      "icon": {
        "paths": [
          "M512 0c-283.927 0-512 228.073-512 512s228.073 512 512 512 512-228.073 512-512-228.073-512-512-512zM807.564 528.291l-209.455 209.455c-4.655 4.655-9.309 6.982-16.291 6.982s-11.636-2.327-16.291-6.982l-32.582-32.582c-9.309-9.309-9.309-23.273 0-32.582l93.091-93.091c6.982-6.982 2.327-20.945-9.309-20.945h-384c-13.964 0-23.273-9.309-23.273-23.273v-46.545c0-13.964 9.309-23.273 23.273-23.273h386.327c9.309 0 16.291-11.636 9.309-20.945l-93.091-93.091c-9.309-9.309-9.309-23.273 0-32.582l32.582-32.582c4.655-4.655 9.309-6.982 16.291-6.982s11.636 2.327 16.291 6.982l209.455 209.455c4.655 4.655 6.982 11.636 6.982 16.291-2.327 6.982-4.655 11.636-9.309 16.291z"
        ],
        "attrs": [
          {}
        ],
        "isMulticolor": false,
        "isMulticolor2": false,
        "grid": 0,
        "tags": [
          "next-circle"
        ]
      },
      "attrs": [
        {}
      ],
      "properties": {
        "order": 38,
        "id": 0,
        "name": "next-circle",
        "prevSize": 32,
        "code": 59662
      },
      "setIdx": 6,
      "setId": 12,
      "iconIdx": 0
    },
    {
      "icon": {
        "paths": [
          "M512 0c-282.314 0-511.991 229.682-511.991 512.005 0 282.314 229.677 511.995 511.991 511.995s511.991-229.682 511.991-511.995c0-282.323-229.677-512.005-511.991-512.005zM512 953.911c-243.667 0-441.902-198.24-441.902-441.906-0-243.671 198.235-441.916 441.902-441.916s441.902 198.244 441.902 441.916c0 243.671-198.235 441.906-441.902 441.906z",
          "M580.757 292.715c-13.686-13.681-35.876-13.681-49.558 0-13.686 13.691-13.686 35.876 0 49.562l134.669 134.664-389.961 0.037c-19.359 0-35.044 15.691-35.044 35.049 0 19.354 15.691 35.040 35.044 35.040l389.975-0.037-134.697 134.688c-13.686 13.686-13.686 35.876 0 49.558 6.841 6.845 15.812 10.266 24.779 10.266s17.938-3.42 24.779-10.261l194.516-194.506c6.574-6.574 10.266-15.485 10.266-24.783 0-9.294-3.691-18.209-10.266-24.783l-194.502-194.492z"
        ],
        "attrs": [
          {},
          {}
        ],
        "isMulticolor": false,
        "isMulticolor2": false,
        "grid": 0,
        "tags": [
          "next-circle-trans"
        ]
      },
      "attrs": [
        {},
        {}
      ],
      "properties": {
        "order": 37,
        "id": 0,
        "name": "next-circle-trans",
        "prevSize": 32,
        "code": 59663
      },
      "setIdx": 7,
      "setId": 11,
      "iconIdx": 0
    },
    {
      "icon": {
        "paths": [
          "M512 0c-282.8 0-512 229.2-512 512s229.2 512 512 512 512-229.2 512-512-229.2-512-512-512zM512 944c-238.6 0-432-193.4-432-432s193.4-432 432-432 432 193.4 432 432-193.4 432-432 432z",
          "M466 247.6h94.6v101h-94.6v-101z",
          "M466 411.6h94.6v406h-94.6v-406z"
        ],
        "attrs": [
          {},
          {},
          {}
        ],
        "isMulticolor": false,
        "isMulticolor2": false,
        "grid": 0,
        "tags": [
          "exclamatory-circle"
        ]
      },
      "attrs": [
        {},
        {},
        {}
      ],
      "properties": {
        "order": 36,
        "id": 0,
        "name": "exclamatory-circle",
        "prevSize": 32,
        "code": 59664
      },
      "setIdx": 9,
      "setId": 9,
      "iconIdx": 0
    },
    {
      "icon": {
        "paths": [
          "M994.662 500.156c-16.299 0-29.338 13.039-29.338 29.338v266.866c0 72.584-59.11 131.477-131.477 131.477h-643.694c-72.584 0-131.477-59.11-131.477-131.477v-271.212c0-16.299-13.039-29.338-29.338-29.338s-29.338 13.039-29.338 29.338v271.212c0 104.964 85.406 190.153 190.153 190.153h643.694c104.964 0 190.153-85.406 190.153-190.153v-266.866c0-16.081-13.039-29.338-29.338-29.338z",
          "M491.355 753.548c5.65 5.65 13.256 8.693 20.645 8.693s14.995-2.825 20.645-8.693l186.458-186.458c11.518-11.518 11.518-29.99 0-41.508s-29.99-11.518-41.508 0l-136.258 136.475v-595.233c0-16.299-13.039-29.338-29.338-29.338s-29.338 13.039-29.338 29.338v595.233l-136.475-136.475c-11.518-11.518-29.99-11.518-41.508 0s-11.518 29.99 0 41.508l186.676 186.458z"
        ],
        "attrs": [
          {},
          {}
        ],
        "isMulticolor": false,
        "isMulticolor2": false,
        "grid": 0,
        "tags": [
          "download"
        ]
      },
      "attrs": [
        {},
        {}
      ],
      "properties": {
        "order": 34,
        "id": 0,
        "name": "download",
        "prevSize": 32,
        "code": 59665
      },
      "setIdx": 10,
      "setId": 8,
      "iconIdx": 0
    },
    {
      "icon": {
        "paths": [
          "M552 176c-40-104-144-176-264-176-160 0-288 128-288 288s128 288 288 288c48 0 96-16 136-32-40 192-152 320-336 320-104 0-120 160 0 160 328 0 520-312 520-600-8-128-24-200-56-248z",
          "M1352 176c-40-104-144-176-264-176-160 0-288 128-288 288s128 288 288 288c48 0 96-16 136-32-40 192-152 320-336 320-104 0-120 160 0 160 328 0 520-312 520-600-8-128-24-200-56-248z"
        ],
        "attrs": [
          {},
          {}
        ],
        "width": 1400,
        "isMulticolor": false,
        "isMulticolor2": false,
        "grid": 0,
        "tags": [
          "quote"
        ]
      },
      "attrs": [
        {},
        {}
      ],
      "properties": {
        "order": 35,
        "id": 0,
        "name": "quote",
        "prevSize": 32,
        "code": 59666
      },
      "setIdx": 11,
      "setId": 7,
      "iconIdx": 0
    },
    {
      "icon": {
        "paths": [
          "M512 990.369c-9.639 0-18.84-4.016-25.397-11.080l-409.255-441.099c-0.105-0.114-0.211-0.227-0.313-0.341-49.678-55.004-77.034-127.898-77.034-205.257 0-77.361 27.357-150.252 77.034-205.254l6.219-6.884c50.567-55.985 118.085-86.82 190.116-86.82s139.552 30.835 190.122 86.823l48.508 53.71 48.508-53.707c50.567-55.988 118.085-86.823 190.119-86.823s139.552 30.835 190.122 86.826l6.211 6.868c49.686 55.015 77.043 127.906 77.043 205.265s-27.359 150.252-77.034 205.254c-0.103 0.119-0.208 0.233-0.313 0.346l-409.258 441.099c-6.557 7.056-15.758 11.075-25.397 11.075zM128.303 491.239l383.697 413.548 383.697-413.551c78.944-87.585 78.894-229.945-0.152-317.463l-6.205-6.868c-37.273-41.269-86.535-63.992-138.712-63.992-52.18 0-101.442 22.723-138.704 63.978l-74.213 82.173c-6.565 7.272-15.908 11.421-25.705 11.421s-19.139-4.149-25.708-11.421l-74.216-82.167c-37.264-41.258-86.524-63.981-138.704-63.981s-101.442 22.72-138.704 63.978l-6.219 6.884c-79.046 87.519-79.099 229.878-0.152 317.46z"
        ],
        "attrs": [
          {}
        ],
        "isMulticolor": false,
        "isMulticolor2": false,
        "grid": 0,
        "tags": [
          "heart"
        ]
      },
      "attrs": [
        {}
      ],
      "properties": {
        "order": 31,
        "id": 0,
        "name": "heart",
        "prevSize": 32,
        "code": 59657
      },
      "setIdx": 12,
      "setId": 6,
      "iconIdx": 0
    },
    {
      "icon": {
        "paths": [
          "M847.32 209.893h-26.316v-58.575c0-83.406-67.913-151.319-151.319-151.319h-317.705c-83.406 0-151.319 67.913-151.319 151.319v58.575h-23.982c-83.406 0-151.319 67.913-151.319 151.319v244.062c0 83.406 67.913 151.319 151.319 151.319h23.77v191.854c0 41.597 33.956 75.553 75.553 75.553h469.236c41.597 0 75.553-33.956 75.553-75.553v-191.854h26.528c83.406 0 151.319-67.913 151.319-151.319v-244.062c-0-83.406-67.913-151.319-151.319-151.319zM257.751 151.319c0-51.784 42.233-94.017 94.017-94.017h317.493c51.784 0 94.017 42.233 94.017 94.017v58.575h-505.527v-58.575zM763.49 948.871c0 9.975-8.277 18.252-18.252 18.252h-469.236c-9.975 0-18.252-8.277-18.252-18.252v-316.432h505.739v316.432zM941.337 605.486c0 51.784-42.233 94.017-94.017 94.017h-26.316v-67.064h37.777c15.917 0 28.651-12.734 28.651-28.651s-12.734-28.651-28.651-28.651h-700.352c-15.917 0-28.651 12.734-28.651 28.651s12.734 28.651 28.651 28.651h42.233v67.064h-23.982c-51.784 0-94.017-42.233-94.017-94.017v-244.062c0-51.784 42.233-94.017 94.017-94.017h670.64c51.784 0 94.017 42.233 94.017 94.017v244.062z",
          "M327.149 773.359h364.82c15.917 0 28.651-12.734 28.651-28.651s-12.734-28.651-28.651-28.651h-364.82c-15.917 0-28.651 12.734-28.651 28.651s12.946 28.651 28.651 28.651z",
          "M694.304 833.207h-365.032c-15.917 0-28.651 12.734-28.651 28.651s12.734 28.651 28.651 28.651h364.82c15.917 0 28.651-12.734 28.651-28.651s-12.734-28.651-28.439-28.651z",
          "M846.684 322.374h-58.15c-15.917 0-28.651 12.734-28.651 28.651s12.734 28.651 28.651 28.651h58.15c15.917 0 28.651-12.734 28.651-28.651s-12.734-28.651-28.651-28.651z"
        ],
        "attrs": [
          {},
          {},
          {},
          {}
        ],
        "isMulticolor": false,
        "isMulticolor2": false,
        "grid": 0,
        "tags": [
          "print"
        ]
      },
      "attrs": [
        {},
        {},
        {},
        {}
      ],
      "properties": {
        "order": 32,
        "id": 2,
        "name": "print",
        "prevSize": 32,
        "code": 59658
      },
      "setIdx": 13,
      "setId": 5,
      "iconIdx": 0
    },
    {
      "icon": {
        "paths": [
          "M898.993 122.359h-773.774c-69.072 0-125.219 56.147-125.219 125.219v528.844c0 69.072 56.147 125.219 125.219 125.219h773.562c69.072 0 125.219-56.147 125.219-125.219v-528.632c0.212-69.072-55.935-125.431-125.007-125.431zM967.005 776.422c0 37.502-30.51 68.012-68.012 68.012h-773.774c-37.502 0-68.012-30.51-68.012-68.012v-528.632c0-37.502 30.51-68.012 68.012-68.012h773.562c37.502 0 68.012 30.51 68.012 68.012v528.632h0.212z",
          "M645.8 505.432l250.438-224.589c11.653-10.594 12.713-28.603 2.119-40.468-10.594-11.653-28.603-12.713-40.468-2.119l-345.359 309.976-67.377-60.173c-0.212-0.212-0.424-0.424-0.424-0.636-1.483-1.483-2.966-2.754-4.661-4.026l-274.168-245.353c-11.865-10.594-29.875-9.534-40.468 2.331s-9.534 29.875 2.331 40.468l253.405 226.496-252.345 236.242c-11.441 10.806-12.077 28.815-1.271 40.468 5.721 5.933 13.348 9.111 20.976 9.111 6.992 0 13.984-2.543 19.493-7.628l256.159-239.633 69.496 62.080c5.509 4.873 12.289 7.204 19.069 7.204s13.772-2.543 19.069-7.416l71.402-63.987 254.676 241.963c5.509 5.297 12.713 7.839 19.705 7.839 7.628 0 15.043-2.966 20.764-8.899 10.806-11.441 10.382-29.663-1.059-40.468l-251.498-238.785z"
        ],
        "attrs": [
          {},
          {}
        ],
        "isMulticolor": false,
        "isMulticolor2": false,
        "grid": 0,
        "tags": [
          "message"
        ]
      },
      "attrs": [
        {},
        {}
      ],
      "properties": {
        "order": 28,
        "id": 1,
        "name": "message",
        "prevSize": 32,
        "code": 59651
      },
      "setIdx": 13,
      "setId": 5,
      "iconIdx": 1
    },
    {
      "icon": {
        "paths": [
          "M1016.434 229.096l-223.162-221.634c-5.258-5.228-12.022-7.462-19.436-7.462h-714.452c-31.972 0-59.384 24.606-59.384 56.578v908.038c0 31.972 27.412 59.384 59.384 59.384h908.038c31.972 0 56.578-27.412 56.578-59.384v-715.63c0-7.466-2.276-14.624-7.566-19.89zM631.232 56.11h56.11v252.494h-56.11v-252.494zM308.602 56.11h266.52v252.494h-266.52v-252.494zM791.146 967.89h-561.096v-89.776h561.096v89.776zM791.146 822.006h-561.096v-86.97h561.096v86.97zM791.146 678.926h-561.096v-89.776h561.096v89.776zM967.422 967.89h-120.168v-408.196c0-15.492-11.16-26.652-26.652-26.652h-617.204c-15.492 0-29.458 11.16-29.458 26.652v408.198h-114.556c-1.032 0-3.274-2.242-3.274-3.274v-908.040c0-1.032 2.242-0.468 3.274-0.468h193.11v279.146c0 15.492 13.966 29.458 29.458 29.458h434.848c15.492 0 26.652-13.966 26.652-29.458v-279.146h18.806l205.634 204.54v703.968c-0.002 1.030 0.562 3.272-0.47 3.272z"
        ],
        "attrs": [
          {}
        ],
        "isMulticolor": false,
        "isMulticolor2": false,
        "grid": 0,
        "tags": [
          "save"
        ]
      },
      "attrs": [
        {}
      ],
      "properties": {
        "order": 29,
        "id": 0,
        "name": "save",
        "prevSize": 32,
        "code": 59652
      },
      "setIdx": 13,
      "setId": 5,
      "iconIdx": 2
    },
    {
      "icon": {
        "paths": [
          "M409.6 767.603c87.318 0 166.698-30.958 228.614-83.349l277.829 277.829c6.35 6.35 14.288 9.526 23.020 9.526s16.67-3.175 23.020-9.526c12.701-12.701 12.701-33.34 0-46.040l-277.829-277.829c51.597-61.916 83.349-142.090 83.349-228.614 0-197.656-160.347-358.003-358.003-358.003-196.862 0-358.003 161.141-358.003 358.003-0 197.656 161.141 358.003 358.003 358.003zM409.6 116.688c161.935 0 292.912 131.771 292.912 292.912 0 161.935-130.977 292.912-292.912 292.912s-292.912-131.771-292.912-292.912c0-161.141 131.771-292.912 292.912-292.912z"
        ],
        "attrs": [
          {}
        ],
        "isMulticolor": false,
        "isMulticolor2": false,
        "grid": 0,
        "tags": [
          "search"
        ]
      },
      "attrs": [
        {}
      ],
      "properties": {
        "order": 19,
        "id": 0,
        "name": "search",
        "prevSize": 32,
        "code": 59653
      },
      "setIdx": 14,
      "setId": 4,
      "iconIdx": 0
    },
    {
      "icon": {
        "paths": [
          "M1057.489 461.122l-441.801-441.801c-27.049-27.049-70.843-27.049-98.536 0-27.049 27.049-27.049 70.843 0 98.536l323.301 323.301h-767.034c-38.642 0-69.555 30.913-69.555 69.555s30.913 69.555 69.555 69.555h767.034l-323.301 323.301c-27.049 27.049-27.049 70.843 0 98.536 13.525 13.525 31.557 20.609 48.946 20.609s35.421-6.44 48.946-20.609l441.801-441.801c28.337-27.693 28.337-72.131 0.644-99.18v0z"
        ],
        "attrs": [
          {}
        ],
        "width": 1088,
        "isMulticolor": false,
        "isMulticolor2": false,
        "grid": 0,
        "tags": [
          "arrow"
        ]
      },
      "attrs": [
        {}
      ],
      "properties": {
        "order": 20,
        "id": 0,
        "name": "arrow",
        "prevSize": 32,
        "code": 59654
      },
      "setIdx": 15,
      "setId": 3,
      "iconIdx": 0
    },
    {
      "icon": {
        "paths": [
          "M284.077 512c0-125.523 102.4-227.923 227.923-227.923 49.548 0 99.097 16.516 138.735 46.245l-52.852 69.368c-26.426-19.819-56.155-29.729-85.884-29.729-79.277 0-142.039 62.761-142.039 142.039s62.761 142.039 142.039 142.039c62.761 0 115.613-39.639 135.432-99.097h-135.432v-85.884h227.923v42.942c0 125.523-102.4 227.923-227.923 227.923s-227.923-102.4-227.923-227.923v0z",
          "M1024 512c0-284.077-227.923-512-512-512s-512 227.923-512 512 227.923 512 512 512c280.774 0 512-227.923 512-512v0zM46.245 512c0-257.652 208.103-465.755 465.755-465.755s465.755 208.103 465.755 465.755c0 257.652-208.103 465.755-465.755 465.755s-465.755-208.103-465.755-465.755v0z"
        ],
        "attrs": [
          {},
          {}
        ],
        "isMulticolor": false,
        "isMulticolor2": false,
        "grid": 0,
        "tags": [
          "google"
        ]
      },
      "attrs": [
        {},
        {}
      ],
      "properties": {
        "order": 21,
        "id": 4,
        "name": "google",
        "prevSize": 32,
        "code": 59655
      },
      "setIdx": 16,
      "setId": 2,
      "iconIdx": 0
    },
    {
      "icon": {
        "paths": [
          "M654.039 399.69c-56.155 0-79.277 29.729-92.49 52.852v-42.942h-105.703c0 29.729 0 313.806 0 313.806h105.703v-175.071c0-9.91 0-19.819 3.303-26.426 6.606-19.819 23.123-39.639 52.852-39.639 36.335 0 52.852 29.729 52.852 69.368v168.465h105.703v-178.374c-3.303-95.794-52.852-142.039-122.219-142.039v0zM561.548 452.542v0 0 0z",
          "M293.987 409.6h105.703v313.806h-105.703v-313.806z",
          "M346.839 257.652c-36.335 0-59.458 23.123-59.458 52.852s23.123 52.852 56.155 52.852v0c36.335 0 59.458-23.123 59.458-52.852 3.303-29.729-19.819-52.852-56.155-52.852v0z",
          "M1024 512c0-284.077-227.923-512-512-512s-512 227.923-512 512 227.923 512 512 512 512-227.923 512-512v0zM49.548 512c0-257.652 208.103-465.755 465.755-465.755s465.755 208.103 465.755 465.755c0 257.652-208.103 465.755-465.755 465.755s-465.755-208.103-465.755-465.755v0z"
        ],
        "attrs": [
          {},
          {},
          {},
          {}
        ],
        "isMulticolor": false,
        "isMulticolor2": false,
        "grid": 0,
        "tags": [
          "linkedn"
        ]
      },
      "attrs": [
        {},
        {},
        {},
        {}
      ],
      "properties": {
        "order": 22,
        "id": 3,
        "name": "linkedn",
        "prevSize": 32,
        "code": 59656
      },
      "setIdx": 16,
      "setId": 2,
      "iconIdx": 1
    },
    {
      "icon": {
        "paths": [
          "M733.316 409.6c0-6.606 0-9.91 0-16.516 23.123-16.516 42.942-36.335 56.155-59.458-19.819 9.91-42.942 16.516-66.065 16.516 23.123-13.213 42.942-36.335 49.548-66.065-23.123 13.213-46.245 23.123-72.671 26.426-19.819-23.123-49.548-39.639-82.581-39.639-62.761 0-112.31 52.852-112.31 118.916 0 9.91 0 19.819 3.303 26.426-92.49-6.606-178.374-56.155-234.529-128.826-9.91 16.516-16.516 39.639-16.516 59.458 0 42.942 19.819 79.277 49.548 102.4-19.819 0-36.335-6.606-52.852-16.516v0c0 59.458 39.639 109.006 92.49 118.916-9.91 3.303-19.819 3.303-29.729 3.303-6.606 0-13.213 0-19.819-3.303 13.213 49.548 56.155 82.581 105.703 85.884-39.639 33.032-85.884 52.852-138.735 49.548-9.91 0-16.516 0-26.426-3.303 49.548 33.032 109.006 52.852 171.768 52.852 208.103 13.213 323.716-168.465 323.716-327.019v0z",
          "M1024 512c0-284.077-227.923-512-512-512s-512 227.923-512 512 227.923 512 512 512c284.077 0 512-227.923 512-512v0zM49.548 512c0-257.652 208.103-465.755 465.755-465.755s465.755 208.103 465.755 465.755c0 257.652-208.103 465.755-465.755 465.755s-465.755-208.103-465.755-465.755v0z"
        ],
        "attrs": [
          {},
          {}
        ],
        "isMulticolor": false,
        "isMulticolor2": false,
        "grid": 0,
        "tags": [
          "twitter"
        ]
      },
      "attrs": [
        {},
        {}
      ],
      "properties": {
        "order": 23,
        "id": 2,
        "name": "twitter",
        "prevSize": 32,
        "code": 59648
      },
      "setIdx": 16,
      "setId": 2,
      "iconIdx": 2
    },
    {
      "icon": {
        "paths": [
          "M1024 515.303c0-284.077-227.923-512-512-512s-512 227.923-512 512 227.923 512 512 512c280.774 0 512-227.923 512-512v0zM46.245 515.303c0-257.652 208.103-465.755 465.755-465.755s465.755 208.103 465.755 465.755c0 257.652-208.103 465.755-465.755 465.755s-465.755-208.103-465.755-465.755v0z",
          "M531.819 812.594v-293.987h95.794l16.516-99.097h-112.31v-49.548c0-26.426 9.91-49.548 46.245-49.548h72.671v-99.097h-102.4c-85.884 0-112.31 56.155-112.31 138.735v59.458h-62.761v99.097h59.458v293.987h99.097z"
        ],
        "attrs": [
          {},
          {}
        ],
        "isMulticolor": false,
        "isMulticolor2": false,
        "grid": 0,
        "tags": [
          "facebook"
        ]
      },
      "attrs": [
        {},
        {}
      ],
      "properties": {
        "order": 24,
        "id": 1,
        "name": "facebook",
        "prevSize": 32,
        "code": 59649
      },
      "setIdx": 16,
      "setId": 2,
      "iconIdx": 3
    },
    {
      "icon": {
        "paths": [
          "M512 0c-282.8 0-512 229.2-512 512s229.2 512 512 512 512-229.2 512-512-229.2-512-512-512zM512 944c-238.6 0-432-193.4-432-432s193.4-432 432-432 432 193.4 432 432-193.4 432-432 432z",
          "M480 704h64v64h-64v-64z",
          "M635.4 300.2c-13-13.2-29.4-23.8-49.6-32s-44.2-12.2-72.4-12.2c-24 0-45.8 4-65.6 12.2s-37 19.6-51.4 34.2c-14.2 14.6-25.4 29-33 49.6s-11.4 32-11.4 64h65.4c0-32 8.4-56.2 25.8-77 17.2-21 40.6-29.6 70.2-29.6 28.8 0 50.4 7.8 64.4 21.8 13.8 14 20.8 34.2 20.8 59.6 0 19.8-6.6 37.6-19.4 53-12.8 15.6-26.8 30.6-41.6 44.8-15.2 14.2-27.4 29.6-40 45.2s-17.4 34-17.4 55v51.2h64v-27.6c0-16.4 2.4-30.6 8.8-43 6.2-12.4 14-23.8 23.6-33.8 9.4-10.2 19.6-20 31-29.6 11-9.6 21.6-19.8 31-30.4 9.6-10.6 17.8-22.6 23.8-36 6.4-13.2 9.6-28.8 9.6-47 0-15.8-2.8-31.8-8.8-48-5.8-16.4-15.2-31-27.8-44.4z"
        ],
        "attrs": [
          {},
          {},
          {}
        ],
        "isMulticolor": false,
        "isMulticolor2": false,
        "grid": 0,
        "tags": [
          "question-circle"
        ]
      },
      "attrs": [
        {},
        {},
        {}
      ],
      "properties": {
        "order": 25,
        "id": 0,
        "name": "question-circle",
        "prevSize": 32,
        "code": 59650
      },
      "setIdx": 16,
      "setId": 2,
      "iconIdx": 4
    }
  ],
  "height": 1024,
  "metadata": {
    "name": "icomoon"
  },
  "preferences": {
    "showGlyphs": true,
    "showCodes": true,
    "showQuickUse": true,
    "showQuickUse2": true,
    "showSVGs": true,
    "fontPref": {
      "prefix": "icon-",
      "metadata": {
        "fontFamily": "icomoon",
        "majorVersion": 1,
        "minorVersion": 0
      },
      "metrics": {
        "emSize": 1024,
        "baseline": 6.25,
        "whitespace": 50
      },
      "embed": false,
      "showSelector": true,
      "showMetrics": true,
      "showVersion": true,
      "showMetadata": true
    },
    "imagePref": {
      "prefix": "icon-",
      "png": true,
      "useClassSelector": true,
      "color": 0,
      "bgColor": 16777215
    },
    "historySize": 100,
    "showLiga": true,
    "gridSize": 16
  }
}